INSERT INTO roles (role) VALUES ('admin');
INSERT INTO roles (role) VALUES ('authenticated');
INSERT INTO roles (role) VALUES ('manager-gui');
INSERT INTO roles (role) VALUES ('superadmin');
INSERT INTO roles (role) VALUES ('user');
INSERT INTO roles (role) VALUES ('tomcat');
INSERT INTO roles (role) VALUES ('role1');
INSERT INTO roles (role) VALUES ('manager-script');
INSERT INTO roles (role) VALUES ('admin-gui');
INSERT INTO roles (role) VALUES ('readwrite');

INSERT INTO groups (id, title) VALUES ('admins', 'Администраторы');
INSERT INTO groups (id, title) VALUES ('all', 'Все пользователи');
INSERT INTO groups (id, title) VALUES ('editors', 'Редакторы');

INSERT INTO users (userid, password, groups, fullname, avatar, email, created, validated, validationcode,
category, details, status, username, enabled) VALUES ('user1', '$2a$10$I9VmQedaTajlzPh.c/qmluBjYYRwd/C2Nsz0YcjRJ091H5U5x9P6i', '{user1,all}', 'user', NULL, NULL, NULL, NULL, NULL, NULL, '{"lang":"fr","tenant":"5d05e877-a493-4fc9-9e5f-8fefaa84b437"}', 0, 'user1', true);
INSERT INTO users (userid, password, groups, fullname, avatar, email, created, validated, validationcode,
category, details, status, username, enabled) VALUES ('user2', '$2a$10$.yalRzCdE303AXA0U9J1o.pBddMgU8uUTkbtMe1wHJTkvmami/BNC', '{user2,all}', 'user', NULL, NULL, NULL, NULL, NULL, NULL, '{"lang":"ar","tenant":"5d05e877-a493-4fc9-9e5f-8fefaa84b437"}', 0, 'user2', true);
INSERT INTO users (userid, password, groups, fullname, avatar, email, created, validated, validationcode,
category, details, status, username, enabled) VALUES ('user3', '$2a$10$cdKUJ1uxxBRPc8McUG0BP.Bt2HWqSReDE1.Jg/Pzv3YNjhJrsXMqu', '{user3,all}', NULL, NULL, NULL, NULL, NULL, NULL, NULL, '{"lang":"en","tenant":"5d05e877-a493-4fc9-9e5f-8fefaa84b437"}', 0, 'user3', true);
INSERT INTO users (userid, password, groups, fullname, avatar, email, created, validated, validationcode,
                    category, details, status, username, enabled)
VALUES ('boot', '$2a$10$YCaAusxHbe3joYpTGNRH0.lt2XPLd7TBrqJjZG4ej.XlC025uww2u', '{boot,all,admins}',
'boot', NULL, 'boot@email.com', NULL, NULL, NULL, NULL,
'{"lang":"ru","tenant":"5d05e877-a493-4fc9-9e5f-8fefaa84b437"}', 0, 'boot', true);

INSERT INTO user_roles (role, userid) VALUES ('tomcat', 'boot');
INSERT INTO user_roles (role, userid) VALUES ('admin', 'boot');
INSERT INTO user_roles (role, userid) VALUES ('readwrite', 'boot');
INSERT INTO user_roles (role, userid) VALUES ('tomcat', 'user1');
INSERT INTO user_roles (role, userid) VALUES ('tomcat', 'user2');
INSERT INTO user_roles (role, userid) VALUES ('tomcat', 'user3');

INSERT INTO system (id, sys_date_cr, sys_desc, sys_date_mod, sys_title, sys_author, sys_modifier, sys_readers, sys_editors, sys_folders, sys_type, sys_version, sys_parent, sys_file_path, sys_file_mime_type, sys_file_length, data, sys_file_name, sys_uuid, sys_symbolic_name, sys_tenant, sys_application, sys_acl, sys_status, sys_parent_uuid) VALUES (1, '2017-07-22 12:18:51.125094', NULL, '2017-07-22 12:18:51.125094', 'CMIS Settings 1', 'boot', NULL, '{boot,all}', NULL, NULL, 'cmis_settings', NULL, NULL, NULL, NULL, NULL, '{"cmis_repositories": [{"rootPath": "/opt/doccloud/data", "repositoryId": "test"}]}', NULL, 'd54e3443-7587-4d0b-96f5-58cfbb48988b', 'cmis_settings', NULL, NULL, NULL, NULL, NULL);

-- System types
INSERT INTO system (id, sys_date_cr, sys_desc, sys_date_mod, sys_title, sys_author, sys_modifier, sys_readers, sys_editors, sys_folders, sys_type, sys_version, sys_parent, sys_file_path, sys_file_mime_type, sys_file_length, data, sys_file_name, sys_uuid, sys_symbolic_name, sys_tenant, sys_application, sys_acl, sys_status, sys_parent_uuid) VALUES (2, '2017-10-12 12:21:53.56369', NULL, '2017-12-01 10:58:07.173', 'Системные', 'boot', 'boot', '{boot,admins}', NULL, NULL, 'type', '0.3', '0', NULL, NULL, NULL, '{"access": [], "parent": "0", "schema": {"type": "object", "properties": {"admin": {"type": "string", "title": "Администратор"}}}, "properties": [{"name": "admin", "type": "string", "title": "Администратор"}], "symbolicName": "abstract_system", "storage_policy": "fs_policy"}', NULL, '91a7dcb1-9cb8-447d-97d3-3c854af584bd', 'abstract_system', NULL, NULL, NULL, NULL, '00000000-0000-0000-0000-000000000000');

INSERT INTO system (id, sys_date_cr, sys_desc, sys_date_mod, sys_title, sys_author, sys_modifier, sys_readers, sys_editors, sys_folders, sys_type, sys_version, sys_parent, sys_file_path, sys_file_mime_type, sys_file_length, data, sys_file_name, sys_uuid, sys_symbolic_name, sys_tenant, sys_application, sys_acl, sys_status, sys_parent_uuid) VALUES (3, '2017-10-16 14:10:29.638846', NULL, '2017-12-26 09:33:33.877', 'Политика хранения', 'boot', 'boot', '{boot,admins}', NULL, NULL, 'type', '0.5', '1140', NULL, NULL, NULL, '{"access": {"full": ["admins"], "read": ["all"], "edit_prop": [], "view_prop": ["all"], "modify_security": [], "change_content": [], "delete": []}, "parent": "1140", "schema": {"type": "object", "properties": {"storage_area": {"type": "string", "title": "Область хранения"}, "symbolicName": {"type": "string", "title": "Символьный идентификатор"}}}, "properties": [{"name": "storage_area", "type": "string", "title": "Область хранения"}, {"name": "symbolicName", "type": "string", "title": "Символьный идентификатор"}], "symbolicName": "storage_policy"}', NULL, '4812241c-79fe-4cbf-898f-77024851dd42', 'storage_policy', NULL, NULL, NULL, NULL, '91a7dcb1-9cb8-447d-97d3-3c854af584bd');
INSERT INTO system (id, sys_date_cr, sys_desc, sys_date_mod, sys_title, sys_author, sys_modifier, sys_readers, sys_editors, sys_folders, sys_type, sys_version, sys_parent, sys_file_path, sys_file_mime_type, sys_file_length, data, sys_file_name, sys_uuid, sys_symbolic_name, sys_tenant, sys_application, sys_acl, sys_status, sys_parent_uuid) VALUES (4, '2017-09-29 07:41:10.156601', NULL, '2017-12-26 09:30:23.334', 'Типы хранения', 'boot', 'boot', '{boot,admins}', NULL, NULL, 'type', '0.3', '1140', NULL, NULL, NULL, '{"access": {"full": ["admins"], "read": ["all"], "edit_prop": [], "view_prop": ["all"], "modify_security": [], "change_content": [], "delete": []}, "parent": "1140", "schema": {"type": "object", "properties": {}}, "properties": [{}], "symbolicName": "abstract_storage"}', NULL, 'e5fbb07c-3c55-417b-afc8-59f63f76f8f9', 'abstract_storage', NULL, NULL, NULL, NULL, '91a7dcb1-9cb8-447d-97d3-3c854af584bd');
INSERT INTO system (id, sys_date_cr, sys_desc, sys_date_mod, sys_title, sys_author, sys_modifier, sys_readers, sys_editors, sys_folders, sys_type, sys_version, sys_parent, sys_file_path, sys_file_mime_type, sys_file_length, data, sys_file_name, sys_uuid, sys_symbolic_name, sys_tenant, sys_application, sys_acl, sys_status, sys_parent_uuid) VALUES (5, '2017-08-14 14:59:13.377503', NULL, '2018-01-29 11:56:31.759', 'Файловое хранилище', 'boot', 'boot', '{boot,admins}', NULL, NULL, 'type', '0.1', '1138', NULL, NULL, NULL, '{"access": {"full": ["admins"], "read": ["all"], "edit_prop": [], "view_prop": ["all"], "modify_security": [], "change_content": [], "delete": []}, "parent": "1138", "schema": {"type": "object", "properties": {"maxSize": {"type": "integer", "title": "Максимальный объем"}, "repository": {"type": "string", "title": "Место хранения"}, "symbolicName": {"type": "string", "title": "Символьный идентификатор"}}}, "properties": [{"name": "maxSize", "type": "integer", "title": "Максимальный объем"}, {"name": "repository", "type": "string", "title": "Место хранения"}, {"name": "symbolicName", "type": "string", "title": "Символьный идентификатор"}], "symbolicName": "file_storage_area", "storage_policy": ""}', NULL, 'a3150148-59a7-4992-95c8-e912c5bd0d68', 'file_storage_area', NULL, NULL, NULL, NULL, 'e5fbb07c-3c55-417b-afc8-59f63f76f8f9');
INSERT INTO system (id, sys_date_cr, sys_desc, sys_date_mod, sys_title, sys_author, sys_modifier, sys_readers, sys_editors, sys_folders, sys_type, sys_version, sys_parent, sys_file_path, sys_file_mime_type, sys_file_length, data, sys_file_name, sys_uuid, sys_symbolic_name, sys_tenant, sys_application, sys_acl, sys_status, sys_parent_uuid) VALUES (6, '2017-10-12 12:37:53.095036', NULL, '2017-10-16 14:26:23.407', 'Amazon хранилище', 'boot', 'boot', '{boot,admins}', NULL, NULL, 'type', '0.3', '1138', NULL, NULL, NULL, '{"access": {"full": ["admins"], "read": ["all"], "edit_prop": [], "view_prop": ["all"], "modify_security": [], "change_content": [], "delete": []}, "parent": "1138", "schema": {"type": "object", "properties": {"bucketName": {"type": "string", "title": "Имя корзины (bucket)"}, "awsEndpoint": {"type": "string", "title": "Адрес aws"}, "awsAccessKey": {"type": "string", "title": "Ключ доступа"}, "symbolicName": {"type": "string", "title": "Символьный идентификатор"}, "awsSecretAccessKey": {"type": "string", "title": "Секретный ключ"}}}, "properties": [{"name": "bucketName", "type": "string", "title": "Имя корзины (bucket)"}, {"name": "awsEndpoint", "type": "string", "title": "Адрес aws"}, {"name": "awsAccessKey", "type": "string", "title": "Ключ доступа"}, {"name": "awsSecretAccessKey", "type": "string", "title": "Секретный ключ"}, {"name": "symbolicName", "type": "string", "title": "Символьный идентификатор"}], "symbolicName": "amazon_storage_area"}', NULL, '9ed52d2e-b4ca-4960-a4eb-364e06bbebc6', 'amazon_storage_area', NULL, NULL, NULL, NULL, 'e5fbb07c-3c55-417b-afc8-59f63f76f8f9');

-- Storage areas
INSERT INTO system (id, sys_date_cr, sys_desc, sys_date_mod, sys_title, sys_author, sys_modifier, sys_readers, sys_editors, sys_folders, sys_type, sys_version, sys_parent, sys_file_path, sys_file_mime_type, sys_file_length, data, sys_file_name, sys_uuid, sys_symbolic_name, sys_tenant, sys_application, sys_acl, sys_status, sys_parent_uuid) VALUES (7, '2017-10-16 12:26:38.3007', '', '2018-02-26 14:39:28.229', 'Файловое хранилище 1', 'boot', 'boot', '{boot,admins}', NULL, NULL, 'file_storage_area', '0.1', NULL, NULL, NULL, NULL, '{"maxSize": 1024, "repository": "/opt/doccloud/data/", "symbolicName": "fs_storage"}', NULL, 'ba32512f-7b15-45ff-b58e-975a025c488b', 'fs_storage', NULL, NULL, NULL, NULL, NULL);
INSERT INTO system (id, sys_date_cr, sys_desc, sys_date_mod, sys_title, sys_author, sys_modifier, sys_readers, sys_editors, sys_folders, sys_type, sys_version, sys_parent, sys_file_path, sys_file_mime_type, sys_file_length, data, sys_file_name, sys_uuid, sys_symbolic_name, sys_tenant, sys_application, sys_acl, sys_status, sys_parent_uuid) VALUES (8, '2017-10-16 14:05:32.619814', '', '2018-02-26 14:39:20.405', 'Локальное хранилище Amazon', 'boot', 'boot', '{boot,admins}', NULL, NULL, 'amazon_storage_area', '0.1', NULL, NULL, NULL, NULL, '{"bucketName": "doccloud-boot", "awsEndpoint": "http://doccloud.ru:8000", "awsAccessKey": "accessKey1", "symbolicName": "s3_local_storage", "awsSecretAccessKey": "verySecretKey1"}', NULL, '9f4689f9-d8ea-4e51-bdf3-07c388096bd2', 's3_local_storage', NULL, NULL, NULL, NULL, NULL);

-- Storage policies
INSERT INTO system (id, sys_date_cr, sys_desc, sys_date_mod, sys_title, sys_author, sys_modifier, sys_readers, sys_editors, sys_folders, sys_type, sys_version, sys_parent, sys_file_path, sys_file_mime_type, sys_file_length, data, sys_file_name, sys_uuid, sys_symbolic_name, sys_tenant, sys_application, sys_acl, sys_status, sys_parent_uuid) VALUES (9, '2017-10-23 08:28:10.646971', 'Хранение по умолчанию', '2018-02-26 14:37:58.06', 'Политика хранения по-умолчанию', 'boot', 'boot', '{boot,admins}', NULL, NULL, 'storage_policy', '0.1', NULL, NULL, NULL, NULL, '{"storage_area": "fs_storage", "symbolicName": "default_policy"}', NULL, 'b8e7af34-55d2-49a0-8e0c-76619f9d2f03', 'default_policy', NULL, NULL, NULL, NULL, NULL);
INSERT INTO system (id, sys_date_cr, sys_desc, sys_date_mod, sys_title, sys_author, sys_modifier, sys_readers, sys_editors, sys_folders, sys_type, sys_version, sys_parent, sys_file_path, sys_file_mime_type, sys_file_length, data, sys_file_name, sys_uuid, sys_symbolic_name, sys_tenant, sys_application, sys_acl, sys_status, sys_parent_uuid) VALUES (10, '2017-10-16 14:23:15.109015', '', '2018-02-27 07:32:53.804', 'Политика локального S3', 'boot', 'boot', '{boot,admins}', NULL, NULL, 'storage_policy', '0.1', NULL, NULL, NULL, NULL, '{"storage_area": "s3_local_storage", "symbolicName": "s3_local_policy"}', NULL, '3daf0c3e-dbc5-46f9-a3c0-e54aa674de90', 's3_local_policy', NULL, NULL, NULL, NULL, NULL);
INSERT INTO system (id, sys_date_cr, sys_desc, sys_date_mod, sys_title, sys_author, sys_modifier, sys_readers, sys_editors, sys_folders, sys_type, sys_version, sys_parent, sys_file_path, sys_file_mime_type, sys_file_length, data, sys_file_name, sys_uuid, sys_symbolic_name, sys_tenant, sys_application, sys_acl, sys_status, sys_parent_uuid) VALUES (11, '2017-10-16 14:24:29.405557', 'Файловое хранение', '2018-02-26 14:39:07.503', 'Политика файлового хранения', 'boot', 'boot', '{boot,admins}', NULL, NULL, 'storage_policy', '0.1', NULL, NULL, NULL, NULL, '{"storage_area": "fs_storage", "symbolicName": "fs_policy"}', NULL, 'a2a1d377-f874-48e3-8a8a-d24aee4b52ef', 'fs_policy', NULL, NULL, NULL, NULL, NULL);

-- Base types
INSERT INTO system (id, sys_date_cr, sys_desc, sys_date_mod, sys_title, sys_author, sys_modifier, sys_readers, sys_editors, sys_folders, sys_type, sys_version, sys_parent, sys_file_path, sys_file_mime_type, sys_file_length, data, sys_file_name, sys_uuid, sys_symbolic_name, sys_tenant, sys_application, sys_acl, sys_status, sys_parent_uuid) VALUES (12, '2017-08-25 08:13:32.972832', NULL, '2017-12-21 10:06:58.562', 'Папка', 'boot', 'boot', '{boot,admins}', NULL, NULL, 'type', '0.5', '0', NULL, NULL, NULL, '{"access": {"full": ["admins"], "read": ["all"], "edit_prop": [], "view_prop": ["all"], "modify_security": [], "change_content": [], "delete": []}, "parent": "0", "schema": {"type": "object", "properties": {}}, "properties": [], "symbolicName": "folder"}', NULL, 'dbd83580-3257-4948-830b-bef8f13d992f', 'folder', NULL, NULL, NULL, NULL, '00000000-0000-0000-0000-000000000000');
INSERT INTO system (id, sys_date_cr, sys_desc, sys_date_mod, sys_title, sys_author, sys_modifier, sys_readers, sys_editors, sys_folders, sys_type, sys_version, sys_parent, sys_file_path, sys_file_mime_type, sys_file_length, data, sys_file_name, sys_uuid, sys_symbolic_name, sys_tenant, sys_application, sys_acl, sys_status, sys_parent_uuid) VALUES (13, '2017-05-28 18:47:40.337708', NULL, '2017-12-26 10:13:58.714', 'Документ', 'boot', 'boot', '{boot,admins}', NULL, NULL, 'type', '1.0', '0', NULL, NULL, NULL, '{"access": {"full": ["admins"], "read": ["all"], "edit_prop": [], "view_prop": ["all"], "modify_security": [], "change_content": [], "delete": []}, "parent": "0", "schema": {"type": "object", "properties": {}}, "properties": [], "symbolicName": "document", "symbolic_name": "document", "storage_policy": "fs_policy"}', NULL, '3b453992-0424-4966-a699-4e7760789879', 'document', NULL, NULL, NULL, NULL, '00000000-0000-0000-0000-000000000000');

-- IA Types
INSERT INTO system (id, sys_date_cr, sys_desc, sys_date_mod, sys_title, sys_author, sys_modifier, sys_readers, sys_editors, sys_folders, sys_type, sys_version, sys_parent, sys_file_path, sys_file_mime_type, sys_file_length, data, sys_file_name, sys_uuid, sys_symbolic_name, sys_tenant, sys_application, sys_acl, sys_status, sys_parent_uuid) VALUES (14, '2017-10-06 18:00:27.267045', NULL, '2017-12-26 10:19:43.11', 'Системные папки', 'boot', 'boot', '{boot,admins}', NULL, NULL, 'type', '0.6', '1135', NULL, NULL, NULL, '{"access": {"full": ["admins"], "read": ["all"], "edit_prop": [], "view_prop": ["all"], "modify_security": [], "change_content": [], "delete": []}, "parent": "1135", "schema": {"type": "object", "properties": {}}, "properties": [{}], "symbolicName": "abstract_system_folders"}', NULL, 'c6987b0d-2b5a-456f-9709-4abc7da0bd56', 'abstract_system_folders', NULL, NULL, NULL, NULL, 'dbd83580-3257-4948-830b-bef8f13d992f');
INSERT INTO system (id, sys_date_cr, sys_desc, sys_date_mod, sys_title, sys_author, sys_modifier, sys_readers, sys_editors, sys_folders, sys_type, sys_version, sys_parent, sys_file_path, sys_file_mime_type, sys_file_length, data, sys_file_name, sys_uuid, sys_symbolic_name, sys_tenant, sys_application, sys_acl, sys_status, sys_parent_uuid) VALUES (15, '2017-12-21 12:16:22.257881', NULL, '2017-12-27 10:20:01.855', 'Тенант', 'boot', 'boot', '{boot,admins}', NULL, NULL, 'type', '0.4', '1139', NULL, NULL, NULL, '{"access": {"full": ["admins"], "read": ["all"], "edit_prop": [], "view_prop": ["all"], "modify_security": [], "change_content": [], "delete": []}, "parent": "1139", "schema": {"type": "object", "properties": {}}, "properties": [{}], "symbolicName": "tenant", "storage_policy": "fs_policy"}', NULL, '960e3b12-abaf-48ae-8b92-1c9dab9634a4', 'tenant', NULL, NULL, NULL, NULL, 'c6987b0d-2b5a-456f-9709-4abc7da0bd56');
INSERT INTO system (id, sys_date_cr, sys_desc, sys_date_mod, sys_title, sys_author, sys_modifier, sys_readers, sys_editors, sys_folders, sys_type, sys_version, sys_parent, sys_file_path, sys_file_mime_type, sys_file_length, data, sys_file_name, sys_uuid, sys_symbolic_name, sys_tenant, sys_application, sys_acl, sys_status, sys_parent_uuid) VALUES (16, '2017-08-25 07:57:06.273702', NULL, '2017-10-12 12:28:10.711', 'Приложение', 'boot', 'boot', '{boot,admins}', NULL, NULL, 'type', '0.4', '1139', NULL, NULL, NULL, '{"access": {"full": ["admins"], "read": ["all"], "edit_prop": [], "view_prop": ["all"], "modify_security": [], "change_content": [], "delete": []}, "parent": "1139", "schema": {"type": "object", "properties": {}}, "properties": [{}], "symbolicName": "application"}', NULL, '9c890005-57ee-4d43-9ddd-67b95ccbc2e8', 'application', NULL, NULL, NULL, NULL, 'c6987b0d-2b5a-456f-9709-4abc7da0bd56');
INSERT INTO system (id, sys_date_cr, sys_desc, sys_date_mod, sys_title, sys_author, sys_modifier, sys_readers, sys_editors, sys_folders, sys_type, sys_version, sys_parent, sys_file_path, sys_file_mime_type, sys_file_length, data, sys_file_name, sys_uuid, sys_symbolic_name, sys_tenant, sys_application, sys_acl, sys_status, sys_parent_uuid) VALUES (17, '2017-08-25 08:06:55.162989', NULL, '2018-02-27 08:21:28.194', 'Настройки поиска', 'boot', 'boot', '{boot,admins}', NULL, NULL, 'type', '0.1', '1140', NULL, NULL, NULL, '{"access": {"full": ["admins"], "read": ["all"], "edit_prop": [], "view_prop": ["all"], "modify_security": [], "change_content": [], "delete": []}, "parent": "3b453992-0424-4966-a699-4e7760789879", "schema": {"type": "object", "properties": {}}, "properties": [{"name": "", "type": "string", "title": ""}], "symbolicName": "search-composition", "storage_policy": "fs_policy"}', NULL, 'd7152a54-c58d-468f-8f8c-edc1f4a270fd', 'search-composition', NULL, NULL, NULL, NULL, 'c6987b0d-2b5a-456f-9709-4abc7da0bcea');
INSERT INTO system (id, sys_date_cr, sys_desc, sys_date_mod, sys_title, sys_author, sys_modifier, sys_readers, sys_editors, sys_folders, sys_type, sys_version, sys_parent, sys_file_path, sys_file_mime_type, sys_file_length, data, sys_file_name, sys_uuid, sys_symbolic_name, sys_tenant, sys_application, sys_acl, sys_status, sys_parent_uuid) VALUES (18, '2017-08-25 07:59:59.515054', NULL, '2017-12-07 11:38:23.824', 'Настройка поиска', 'boot', 'boot', '{boot,admins}', NULL, NULL, 'type', '0.8', '1139', NULL, NULL, NULL, '{"access": {"full": ["admins"], "read": ["all"], "edit_prop": [], "view_prop": ["all"], "modify_security": [], "change_content": [], "delete": []}, "parent": "1139", "schema": {"type": "object", "properties": {}}, "properties": [{}], "symbolicName": "search"}', NULL, '3469600d-aced-443a-8627-19026cbc0c15', 'search', NULL, NULL, NULL, NULL, 'c6987b0d-2b5a-456f-9709-4abc7da0bd56');
INSERT INTO system (id, sys_date_cr, sys_desc, sys_date_mod, sys_title, sys_author, sys_modifier, sys_readers, sys_editors, sys_folders, sys_type, sys_version, sys_parent, sys_file_path, sys_file_mime_type, sys_file_length, data, sys_file_name, sys_uuid, sys_symbolic_name, sys_tenant, sys_application, sys_acl, sys_status, sys_parent_uuid) VALUES (19, '2017-08-23 11:05:55.022066', NULL, '2017-12-26 09:32:41.598', 'Представление', 'boot', 'boot', '{boot,admins}', NULL, NULL, 'type', '0.7', '1140', NULL, NULL, NULL, '{"access": {"full": ["admins"], "read": ["all"], "edit_prop": [], "view_prop": ["all"], "modify_security": [], "change_content": [], "delete": []}, "parent": "1140", "schema": {"type": "object", "properties": {"query": {"type": "string", "title": "Запрос"}}}, "properties": [{"name": "query", "type": "string", "title": "Запрос"}], "symbolicName": "view"}', NULL, '87786441-a5a7-417f-847e-1fda53b63a45', 'view', NULL, NULL, NULL, NULL, '91a7dcb1-9cb8-447d-97d3-3c854af584bd');
INSERT INTO system (id, sys_date_cr, sys_desc, sys_date_mod, sys_title, sys_author, sys_modifier, sys_readers, sys_editors, sys_folders, sys_type, sys_version, sys_parent, sys_file_path, sys_file_mime_type, sys_file_length, data, sys_file_name, sys_uuid, sys_symbolic_name, sys_tenant, sys_application, sys_acl, sys_status, sys_parent_uuid) VALUES (20, '2017-12-21 15:47:39.899956', NULL, '2017-12-25 09:59:22.989', 'Корневая папка приложения', 'boot', 'boot', '{boot,admins}', NULL, NULL, 'type', '0.6', '1139', NULL, NULL, NULL, '{"access": {"full": ["admins"], "read": ["all"], "edit_prop": [], "view_prop": ["all"], "modify_security": [], "change_content": [], "delete": []}, "parent": "1139", "schema": {"type": "object", "properties": {}}, "properties": [{}], "symbolicName": "treeroot", "storage_policy": "fs_policy"}', NULL, '6549f455-e5f7-4a3e-aaf4-7a3103f7a6f0', 'treeroot', NULL, NULL, NULL, NULL, 'c6987b0d-2b5a-456f-9709-4abc7da0bd56');

INSERT INTO system (id, sys_date_cr, sys_desc, sys_date_mod, sys_title, sys_author, sys_modifier, sys_readers, sys_editors, sys_folders, sys_type, sys_version, sys_parent, sys_file_path, sys_file_mime_type, sys_file_length, data, sys_file_name, sys_uuid, sys_symbolic_name, sys_tenant, sys_application, sys_acl, sys_status, sys_parent_uuid) VALUES (21, '2017-12-21 15:47:39.899956', NULL, '2017-12-25 09:59:22.989', 'Настройка дополнительных закладок', 'boot', 'boot', '{boot,admins}', NULL, NULL, 'type', '0.6', '1139', NULL, NULL, NULL, '{"access": {"full": ["admins"], "read": ["all"], "delete": [], "edit_prop": [], "view_prop": ["all"], "change_content": [], "modify_security": []}, "parent": "91a7dcb1-9cb8-447d-97d3-3c854af584bd", "schema": {"type": "object", "required": ["query", "template", "en_title", "symbolicName"], "properties": {"query": {"type": "string", "index": 0, "title": "Запрос связанных документов"}, "en_title": {"type": "string", "index": 2, "title": "Английское название"}, "template": {"type": "string", "index": 1, "title": "Шаблон отображения"}, "symbolicName": {"type": "string", "index": 3, "title": "Символьный идентификатор"}}}, "properties": [{"name": "query", "type": "string", "title": "Запрос связанных документов", "isRequired": true}, {"name": "template", "type": "textarea", "title": "Шаблон отображения", "isRequired": true}, {"name": "en_title", "type": "string", "title": "Английское название", "isRequired": true}, {"name": "symbolicName", "type": "string", "title": "Символьный идентификатор", "isRequired": true}], "symbolicName": "tabs_config", "storage_policy": "fs_policy", "retention_policy": "retention_10years"}', NULL, '075b3c01-37dc-49f6-a6e0-b87dd2767b91', 'tabs_config', NULL, NULL, NULL, NULL, '91a7dcb1-9cb8-447d-97d3-3c854af584bd');
INSERT INTO system (id, sys_date_cr, sys_desc, sys_date_mod, sys_title, sys_author, sys_modifier, sys_readers, sys_editors, sys_folders, sys_type, sys_version, sys_parent, sys_file_path, sys_file_mime_type, sys_file_length, data, sys_file_name, sys_uuid, sys_symbolic_name, sys_tenant, sys_application, sys_acl, sys_status, sys_parent_uuid) VALUES (22, '2018-04-21 10:44:04.68783', NULL, '2018-04-21 10:44:04.68783', 'Фоновый процесс', 'boot', NULL, '{boot,all,admins}', NULL, NULL, 'type', '0.1', NULL, NULL, NULL, NULL, '{"access": {"full": ["admins"], "read": ["all"], "delete": ["admins"], "edit_prop": ["admins"], "view_prop": ["all"], "change_content": ["admins"], "modify_security": ["admins"]}, "parent": "91a7dcb1-9cb8-447d-97d3-3c854af584bd", "schema": {"type": "object", "required": ["cron"], "properties": {"cron": {"type": "string", "index": 0, "title": "Расписание cron"}}}, "properties": [{"name": "cron", "type": "string", "title": "Расписание cron", "isRequired": true}], "symbolicName": "abstract_job", "storage_policy": "fs_policy"}', NULL, '9b368819-eae5-4504-9e02-eb82216727e8', 'abstract_job', NULL, NULL, NULL, NULL, '91a7dcb1-9cb8-447d-97d3-3c854af584bd');
INSERT INTO system (id, sys_date_cr, sys_desc, sys_date_mod, sys_title, sys_author, sys_modifier, sys_readers, sys_editors, sys_folders, sys_type, sys_version, sys_parent, sys_file_path, sys_file_mime_type, sys_file_length, data, sys_file_name, sys_uuid, sys_symbolic_name, sys_tenant, sys_application, sys_acl, sys_status, sys_parent_uuid) VALUES (23, '2018-04-21 20:28:49.788249', NULL, '2018-04-21 20:28:49.788249', 'Процесс загрузки с XSL', 'boot', NULL, '{boot,all,admins}', NULL, NULL, 'type', '0.1', NULL, NULL, NULL, NULL, '{"access": {"full": ["admins"], "read": ["all"], "delete": [], "edit_prop": [], "view_prop": ["all"], "change_content": [], "modify_security": []}, "parent": "9b368819-eae5-4504-9e02-eb82216727e8", "schema": {"type": "object", "required": [], "properties": {"HOSTNAME": {"type": "string", "index": 5, "title": "Хост API"}, "PASSWORD": {"type": "string", "index": 7, "title": "Пароль API"}, "USERNAME": {"type": "string", "index": 6, "title": "Имя пользователя API"}, "DIRECTORY": {"type": "string", "index": 0, "title": "Директория данных"}, "SOURCE_TYPE": {"type": "string", "index": 10, "title": "Тип источника (папка или архив)"}, "STORAGE_NAME": {"type": "string", "index": 4, "title": "Имя хранилища"}, "DOCUMENT_TYPE": {"type": "string", "index": 9, "title": "Тип документа"}, "XSLT_FILEPATH": {"type": "string", "index": 11, "title": "Путь к XSLT"}, "METADATA_FILENAME": {"type": "string", "index": 1, "title": "Имя файла метаданных"}, "DOCUMENT_FOLDER_UUID": {"type": "string", "index": 8, "title": "UUID папки в которую помещается документ"}, "STORAGE_ROOT_DIRECTORY": {"type": "string", "index": 2, "title": "Путь папки в хранилище"}, "STORAGE_ROOT_DIRECTORY_DB": {"type": "string", "index": 3, "title": "Путь папки в хранилище для записи в БД"}}}, "properties": [{"name": "DIRECTORY", "type": "string", "title": "Директория данных", "isRequired": false}, {"name": "METADATA_FILENAME", "type": "string", "title": "Имя файла метаданных", "isRequired": false}, {"name": "STORAGE_ROOT_DIRECTORY", "type": "string", "title": "Путь папки в хранилище", "isRequired": false}, {"name": "STORAGE_ROOT_DIRECTORY_DB", "type": "string", "title": "Путь папки в хранилище для записи в БД", "isRequired": false}, {"name": "STORAGE_NAME", "type": "string", "title": "Имя хранилища", "isRequired": false}, {"name": "HOSTNAME", "type": "string", "title": "Хост API", "isRequired": false}, {"name": "USERNAME", "type": "string", "title": "Имя пользователя API", "isRequired": false}, {"name": "PASSWORD", "type": "string", "title": "Пароль API", "isRequired": false}, {"name": "DOCUMENT_FOLDER_UUID", "type": "string", "title": "UUID папки в которую помещается документ", "isRequired": false}, {"name": "DOCUMENT_TYPE", "type": "string", "title": "Тип документа", "isRequired": false}, {"name": "SOURCE_TYPE", "type": "string", "title": "Тип источника (папка или архив)", "isRequired": false}, {"name": "XSLT_FILEPATH", "type": "string", "title": "Путь к XSLT", "isRequired": false}], "symbolicName": "ingest_xslt_job", "storage_policy": "fs_policy"}', NULL, '39498ca6-9358-4bbe-837b-cad3429d5e38', 'ingest_xslt_job', NULL, NULL, NULL, NULL, '9b368819-eae5-4504-9e02-eb82216727e8');
INSERT INTO system (id, sys_date_cr, sys_desc, sys_date_mod, sys_title, sys_author, sys_modifier, sys_readers, sys_editors, sys_folders, sys_type, sys_version, sys_parent, sys_file_path, sys_file_mime_type, sys_file_length, data, sys_file_name, sys_uuid, sys_symbolic_name, sys_tenant, sys_application, sys_acl, sys_status, sys_parent_uuid) VALUES (24, '2018-04-23 07:42:48.337418', NULL, '2018-04-25 11:40:23.207', 'Политика удаления', 'boot', 'boot', '{boot,admins}', NULL, NULL, 'type', '0.1', NULL, NULL, NULL, NULL, '{"access": {"full": ["admins"], "read": ["all"], "delete": [], "edit_prop": [], "view_prop": [], "change_content": [], "modify_security": []}, "parent": "91a7dcb1-9cb8-447d-97d3-3c854af584bd", "schema": {"type": "object", "required": ["symbolicName"], "properties": {"date_field": {"type": "string", "index": 0, "title": "Поле по которому работает политика"}, "symbolicName": {"type": "string", "index": 2, "title": "Символьный идентификатор"}, "years_before_retention": {"type": "integer", "index": 1, "title": "Срок хранения (лет)"}}}, "properties": [{"name": "date_field", "type": "string", "title": "Поле по которому работает политика", "isRequired": false}, {"name": "years_before_retention", "type": "integer", "title": "Срок хранения (лет)", "isRequired": false}, {"name": "symbolicName", "type": "string", "title": "Символьный идентификатор", "isRequired": true}], "symbolicName": "retention_policy", "storage_policy": "fs_policy"}', NULL, 'c504fb2d-ee88-48cb-a409-eb5ab9da745d', 'retention_policy', NULL, NULL, NULL, NULL, '91a7dcb1-9cb8-447d-97d3-3c854af584bd');

INSERT INTO public.system (id, sys_date_cr, sys_desc, sys_date_mod, sys_title, sys_author, sys_modifier, sys_readers, sys_editors, sys_folders, sys_type, sys_version, sys_parent, sys_file_path, sys_file_mime_type, sys_file_length, data, sys_file_name, sys_uuid, sys_symbolic_name, sys_tenant, sys_application, sys_acl, sys_status, sys_parent_uuid) VALUES (25, '2018-05-05 10:30:17.753957', '', '2018-05-11 20:03:11.06', 'Комментарии', NULL, 'boot', '{all}', NULL, NULL, 'tabs_config', '0.1', NULL, NULL, NULL, NULL, '{"query": "/boot/browser/test/root?cmisselector=children&succinct=true&filter=type:eif_comment&objectId=${doc.id}", "en_title": "Comments", "template": " <div class=\"panel panel-default comment-panel\" *ngFor=\"let comm of data\">\n        <div class=\"panel-body\">\n          <div class=\"row\">\n            <div class=\"col-xs-8\">\n              <span class=\"glyphicon glyphicon-comment\"></span>&nbsp;<label>{{comm.data[''subject'']}}</label>\n              <p>{{comm.data[''eif_comment_text'']}}</p>\n              <label class=\"text-muted\">Refers to:</label>&nbsp; {{comm.data[''eif_refers_value'']}}<BR>\n              <label class=\"text-muted\">Context:</label>&nbsp; {{comm.data[''eif_root_ref_context'']}}<BR>\n            </div>\n            <div class=\"col-xs-4\">\n              <span class=\"glyphicon glyphicon-user\"></span>&nbsp;<label>{{comm.data[''r_creator_name'']}}</label><BR>\n              <span class=\"glyphicon glyphicon-time\"></span>&nbsp;<i>{{comm.data[''r_creation_date''] | dateTimeFormat}}</i>\n              <BR><BR>\n              <label class=\"text-muted\">Made on:</label>&nbsp;Rev {{comm.data[''eif_made_on'']}}<BR>\n              <label class=\"text-muted\">Closed on:</label>&nbsp;Rev {{comm.data[''eif_closed_on'']}}<BR>\n            </div>\n          </div>\n          <p *ngIf=\"comm.data[''cmis:contentStreamFileName'']\">\n            <span class=\"glyphicon glyphicon-paperclip\"></span>&nbsp;\n            <a href=\"javascript://\" (click)=\"api.downloadDocument(comm.id)\" [title]=\"''document.attachments.download'' | translate\">{{comm.data[''cmis:contentStreamFileName'']}}</a>\n            / <em>{{comm.data[''cmis:contentStreamLength''] | fileSize}}</em>\n          </p>\n        </div>\n      </div>", "symbolicName": "comments"}', NULL, '824eebd9-b19e-48dd-aa2c-0a53b4937512', 'comments', NULL, NULL, '{"full": ["admins"], "read": ["all"], "delete": [], "edit_prop": [], "view_prop": ["all"], "change_content": [], "modify_security": []}', NULL, NULL);
INSERT INTO public.system (id, sys_date_cr, sys_desc, sys_date_mod, sys_title, sys_author, sys_modifier, sys_readers, sys_editors, sys_folders, sys_type, sys_version, sys_parent, sys_file_path, sys_file_mime_type, sys_file_length, data, sys_file_name, sys_uuid, sys_symbolic_name, sys_tenant, sys_application, sys_acl, sys_status, sys_parent_uuid) VALUES (26, '2018-05-05 10:46:30.563434', NULL, '2018-05-12 10:08:35.546', 'Пакеты передачи', NULL, 'user1', '{all}', NULL, NULL, 'tabs_config', '0.2', NULL, NULL, NULL, NULL, '{"query": "/boot/browser/test/root?cmisselector=children&succinct=true&filter=type:link:eif_tr_doc_relation&objectId=${doc.id}", "en_title": "Transmittals", "template": "<table class=\"table table-striped table-condensed table-responsive table-bordered\">\n        <thead>\n        <tr valign=\"middle\">\n          <th class=\"small\">Name or Number</th>\n          <th class=\"small\">Type</th>\n          <th class=\"small\">State</th>\n          <th class=\"small\">Sent</th>\n          <th class=\"small\">Received</th>\n        </tr>\n        </thead>\n        <tbody>\n        <tr valign=\"middle\"  *ngFor=\"let trans of data\">\n          <td class=\"small\">{{trans.name}}</td>\n          <td class=\"small\">{{trans.data[''ecs_lc_name'']}}</td>\n          <td class=\"small\">{{trans.data[''ecs_lc_state'']}}</td>\n          <td class=\"small\">{{trans.data[''eif_date_sent''] | dateTimeFormat}}</td>\n          <td class=\"small\">{{trans.data[''eif_date_received''] | dateTimeFormat}}</td>\n        </tr>\n        </tbody>\n      </table>", "symbolicName": "transmittals"}', NULL, '7a2e4d96-5a4c-4157-8752-d9bdac0054b2', 'transmittals', NULL, NULL, '{"full": ["admins"], "read": ["all"], "delete": [], "edit_prop": [], "view_prop": ["all"], "change_content": [], "modify_security": []}', NULL, NULL);
INSERT INTO public.system (id, sys_date_cr, sys_desc, sys_date_mod, sys_title, sys_author, sys_modifier, sys_readers, sys_editors, sys_folders, sys_type, sys_version, sys_parent, sys_file_path, sys_file_mime_type, sys_file_length, data, sys_file_name, sys_uuid, sys_symbolic_name, sys_tenant, sys_application, sys_acl, sys_status, sys_parent_uuid) VALUES (27, '2018-05-13 09:05:42.959954', '', '2018-05-17 14:49:10.672', 'Аудит', 'boot', 'boot', '{boot,admins}', NULL, NULL, 'tabs_config', '0.1', NULL, NULL, NULL, NULL, '{"admin": "", "query": "null", "en_title": "Audit", "template": "<div class=\"container-fluid\">\n  <div class=\"row\">\n    <div class=\"col-sm-3\">Создан:   </div>\n    <div class=\"col-sm-9\">\n      {{doc.creationTime | dateTimeFormat}} <span class=\"label label-default\">{{doc.author}}</span>\n    </div>\n  </div>\n <div class=\"row\">\n    <div class=\"col-sm-3\">Изменен:   </div>\n    <div class=\"col-sm-9\">\n      {{doc.lastModified| dateTimeFormat}}\n    </div>\n  </div>\n</div>", "symbolicName": "tab_audit"}', NULL, 'd4a72ffa-6031-4c6d-b9dd-767a51fbd9cc', 'tab_audit', NULL, NULL, NULL, NULL, NULL);
INSERT INTO public.system (id, sys_date_cr, sys_desc, sys_date_mod, sys_title, sys_author, sys_modifier, sys_readers, sys_editors, sys_folders, sys_type, sys_version, sys_parent, sys_file_path, sys_file_mime_type, sys_file_length, data, sys_file_name, sys_uuid, sys_symbolic_name, sys_tenant, sys_application, sys_acl, sys_status, sys_parent_uuid) VALUES (28, '2018-05-10 21:32:16.401526', '', '2018-05-11 20:29:18.467', 'Версии', 'boot', 'boot', '{boot,admins}', NULL, NULL, 'tabs_config', '0.1', NULL, NULL, NULL, NULL, '{"query": "/boot/api/docs/versions/${doc.versionSeries}", "en_title": "Versions", "template": " <div class=\"panel panel-default comment-panel\" *ngFor=\"let versionDoc of data\">\n          <p>\n            <a *ngIf=\"versionDoc.id != doc.id\" href=\"javascript://\" (click)=\"openDoc(versionDoc.id)\">{{versionDoc.title}}</a>\n            <span *ngIf=\"versionDoc.id == doc.id\">{{versionDoc.title}}</span>\n            <span> - {{versionDoc.docVersion}} &nbsp;</span>\n            <span>{{ (versionDoc.lastVersion ? ''document.versions.last'' : '''') | translate }}</span>\n          </p>\n  </div>", "symbolicName": "versions"}', NULL, '3a94cc8f-3244-4a31-b99c-56b839acc83c', 'versions', NULL, NULL, NULL, NULL, NULL);

INSERT INTO public.system (id, sys_date_cr, sys_desc, sys_date_mod, sys_title, sys_author, sys_modifier, sys_readers, sys_editors, sys_folders, sys_type, sys_version, sys_parent, sys_file_path, sys_file_mime_type, sys_file_length, data, sys_file_name, sys_uuid, sys_symbolic_name, sys_tenant, sys_application, sys_acl, sys_status, sys_parent_uuid) VALUES (29, '2018-04-23 20:32:04.901343', 'test', '2018-05-09 11:39:25.916', 'Срок хранения 2 года с загрузки в архив', 'boot', 'boot', '{boot,admins}', NULL, NULL, 'retention_policy', '0.1', NULL, NULL, NULL, NULL, '{"date_field": "SYS_DATE_CR", "symbolicName": "retention_2years", "years_before_retention": 2}', NULL, 'e1516ee7-cd4d-403b-b3ad-7cb7172a34cc', 'retention_2years', NULL, NULL, NULL, NULL, NULL);
INSERT INTO public.system (id, sys_date_cr, sys_desc, sys_date_mod, sys_title, sys_author, sys_modifier, sys_readers, sys_editors, sys_folders, sys_type, sys_version, sys_parent, sys_file_path, sys_file_mime_type, sys_file_length, data, sys_file_name, sys_uuid, sys_symbolic_name, sys_tenant, sys_application, sys_acl, sys_status, sys_parent_uuid) VALUES (30, '2018-04-25 10:28:11.929823', '', '2018-05-25 12:19:05.643', 'Хранение документов 5 лет', 'boot', 'boot', '{boot,admins}', NULL, NULL, 'retention_policy', '0.1', NULL, NULL, NULL, NULL, '{"admin": "", "date_field": "SYS_DATE_MOD", "symbolicName": "retention_5years", "years_before_retention": 5}', NULL, '9049977f-4d39-49cb-850d-5e9f458f8430', 'retention_5years', NULL, NULL, NULL, NULL, NULL);
INSERT INTO public.system (id, sys_date_cr, sys_desc, sys_date_mod, sys_title, sys_author, sys_modifier, sys_readers, sys_editors, sys_folders, sys_type, sys_version, sys_parent, sys_file_path, sys_file_mime_type, sys_file_length, data, sys_file_name, sys_uuid, sys_symbolic_name, sys_tenant, sys_application, sys_acl, sys_status, sys_parent_uuid) VALUES (31, '2018-04-25 10:13:45.292403', '', '2018-05-09 11:27:36.166', 'Срок хранения 10 лет с даты загрузки в архив', 'boot', 'boot', '{boot,admins}', NULL, NULL, 'retention_policy', '0.1', NULL, NULL, NULL, NULL, '{"date_field": "SYS_DATE_CR", "symbolicName": "retention_10years", "years_before_retention": 10}', NULL, 'e19f5ee5-f6fd-4966-973e-cf1da22a3dea', 'retention_10years', NULL, NULL, NULL, NULL, NULL);

INSERT INTO system (id, sys_date_cr, sys_desc, sys_date_mod, sys_title, sys_author, sys_modifier, sys_readers, sys_editors, sys_folders, sys_type, sys_version, sys_parent, sys_file_path, sys_file_mime_type, sys_file_length, data, sys_file_name, sys_uuid, sys_symbolic_name, sys_tenant, sys_application, sys_acl, sys_status, sys_parent_uuid) VALUES (32, '2017-10-06 18:00:27.267045', NULL, '2017-12-26 10:19:43.11', 'System documents', 'boot', 'boot', '{boot,admins}', NULL, NULL, 'type', '0.6', '1135', NULL, NULL, NULL, '{"access": [], "schema": {"type": "object", "properties": {}}, "properties": [{}], "symbolicName": "abstract_system_documents"}', NULL, 'c6987b0d-2b5a-456f-9709-4abc7da0bcea', 'abstract_system_documents', NULL, NULL, NULL, NULL, '3b453992-0424-4966-a699-4e7760789879');

INSERT INTO documents (
id, sys_desc, sys_title, sys_type, sys_version, sys_parent_uuid, sys_uuid,  sys_base_type)
  VALUES (0,'root','Root folder','folder',NULL,NULL,'00000000-0000-0000-0000-000000000000','folder');

INSERT INTO documents (
id, sys_desc, sys_title, sys_type, sys_version, sys_parent_uuid, sys_uuid,  sys_base_type)
  VALUES (1,'cmis child folder','child_1','tenant',NULL,'00000000-0000-0000-0000-000000000000','1e1d16c9-bbd8-4ce3-8d77-28082a8bd59e','folder');

INSERT INTO documents (
id, sys_desc, sys_title, sys_type, sys_version, sys_parent_uuid, sys_uuid,  sys_base_type)
  VALUES (2,'child 1 of child_1','child_name','treeroot',NULL,'1e1d16c9-bbd8-4ce3-8d77-28082a8bd59e','3f4a17ca-2200-4bb0-b7fe-973bd715baf7','folder');

INSERT INTO documents (
id, sys_desc, sys_title, sys_type, sys_version, sys_parent_uuid, sys_uuid,  sys_base_type)
  VALUES (3,'child 2 of child_1','child_name','treeroot',NULL,'1e1d16c9-bbd8-4ce3-8d77-28082a8bd59e','e3fefcc7-d6f1-479f-a844-4b8546753042','folder');




INSERT INTO documents (
id, sys_desc, sys_title, sys_type, sys_version, sys_parent_uuid, sys_uuid,  sys_base_type, sys_acl)
  VALUES (4,'child doc of child 2 of child_1','child_doc_name','document',NULL,'3f4a17ca-2200-4bb0-b7fe-973bd715baf7','c23b6c07-ba50-414c-834e-0b37325f423d','document',
  '{"full":["all"],"read":["all"],"edit_prop":["all"],"view_prop":["all"],"modify_security":["all"],"change_content":["all"],"delete":["all"]}');

INSERT INTO documents (
id, sys_desc, sys_title, sys_type, sys_version, sys_parent_uuid, sys_uuid,  sys_base_type, sys_acl)
  VALUES (5,'child of child 2 of child_1','child_name_1_1_1','folder',NULL,'e3fefcc7-d6f1-479f-a844-4b8546753042','5163a159-d04c-4496-8501-0ea252c9f912','folder',
  '{"full":["all"],"read":["all"],"edit_prop":["all"],"view_prop":["all"],"modify_security":["all"],"change_content":["all"],"delete":["all"]}');

INSERT INTO documents (
id, sys_desc, sys_title, sys_type, sys_version, sys_parent_uuid, sys_uuid,  sys_base_type, sys_acl)
  VALUES (6,'child_name_1_1_1','child_doc_name','document',NULL,'3f4a17ca-2200-4bb0-b7fe-973bd715baf7','4c33cae4-9847-479a-859b-5ff6cb0b45b0','document',
  '{"full":["all"],"read":["all"],"edit_prop":["all"],"view_prop":["all"],"modify_security":["all"],"change_content":["all"],"delete":["all"]}');

INSERT INTO documents (
id, sys_desc, sys_title, sys_type, sys_version, sys_parent_uuid, sys_uuid,  sys_base_type, sys_acl)
  VALUES (7,'child_name_1_1_1','child_same_name_1','document',NULL,'3f4a17ca-2200-4bb0-b7fe-973bd715baf7','0841d456-0eea-4409-8e87-d80707c36a89','document',
  '{"full":["all"],"read":["all"],"edit_prop":["all"],"view_prop":["all"],"modify_security":["all"],"change_content":["all"],"delete":["all"]}');

INSERT INTO documents (
id, sys_desc, sys_title, sys_type, sys_version, sys_parent_uuid, sys_uuid,  sys_base_type, sys_acl)
  VALUES (8,'child folder with the same name as document','child_same_name_1','folder',NULL,'3f4a17ca-2200-4bb0-b7fe-973bd715baf7','95e989d8-98cd-4cfd-a9be-352749e95899','folder',
  '{"full":["all"],"read":["all"],"edit_prop":["all"],"view_prop":["all"],"modify_security":["all"],"change_content":["all"],"delete":["all"]}');


INSERT INTO documents (
id, sys_desc, sys_title, sys_type, sys_version, sys_parent_uuid, sys_uuid,  sys_base_type, sys_acl)
  VALUES (9,'child 3 of child_1','child_name_3','treeroot',NULL,'1e1d16c9-bbd8-4ce3-8d77-28082a8bd59e','b2f54af5-ca24-4724-a971-db1493802bda','folder',
  '{"full":["all"],"read":["all"],"edit_prop":["all"],"view_prop":["all"],"modify_security":["all"],"change_content":["all"],"delete":["all"]}');

INSERT INTO documents (
id, sys_desc, sys_title, sys_type, sys_version, sys_parent_uuid, sys_uuid,  sys_base_type, sys_acl)
  VALUES (10,'child folder of child_name_3','child_folder','folder',NULL,'b2f54af5-ca24-4724-a971-db1493802bda','9936c332-f410-487d-9903-7d25083b489a','folder',
  '{"full":["all"],"read":["all"],"edit_prop":["all"],"view_prop":["all"],"modify_security":["all"],"change_content":["all"],"delete":["all"]}');

INSERT INTO documents (
id, sys_desc, sys_title, sys_type, sys_version, sys_parent_uuid, sys_uuid,  sys_base_type, sys_acl)
  VALUES (11,'child doc of child_folder','child_doc','document',NULL,'b2f54af5-ca24-4724-a971-db1493802bda','4cf8752a-48ac-4b56-9ddb-585076ce65e0','document',
  '{"full":["all"],"read":["all"],"edit_prop":["all"],"view_prop":["all"],"modify_security":["all"],"change_content":["all"],"delete":["all"]}');